{
    "app": {
        "path": "\/assets\/app-647aa371d97f64c4b85ea27207e365d1.js",
        "type": "js"
    },
    "\/assets\/bootstrap.js": {
        "path": "\/assets\/bootstrap-54562a04f78304df5635e093238a900f.js",
        "type": "js"
    },
    "\/assets\/@symfony\/stimulus-bundle\/controllers.js": {
        "path": "\/assets\/@symfony\/stimulus-bundle\/controllers-63bbbbdfcf87100a8c8b77312f58a2b6.js",
        "type": "js"
    },
    "\/assets\/@symfony\/ux-turbo\/turbo_controller.js": {
        "path": "\/assets\/@symfony\/ux-turbo\/turbo_controller-f3040d8b6a5a81530e1ea5ec500d1142.js",
        "type": "js"
    },
    "\/assets\/controllers\/outfit_editor_controller.js": {
        "path": "\/assets\/controllers\/outfit_editor_controller-eb3a1256055674231b8d4c8dd7e82b48.js",
        "type": "js"
    },
    "\/assets\/controllers\/hello_controller.js": {
        "path": "\/assets\/controllers\/hello_controller-55882fcad241d2bea50276ea485583bc.js",
        "type": "js"
    },
    "\/assets\/styles\/app.css": {
        "path": "\/assets\/styles\/app-eb73d3d36082643a016c2c52875f0419.css",
        "type": "css"
    },
    "@hotwired\/stimulus": {
        "path": "\/assets\/vendor\/@hotwired\/stimulus\/stimulus.index-4b8ccd71e6b1c4ddba22853d5a50a26c.js",
        "type": "js"
    },
    "@symfony\/stimulus-bundle": {
        "path": "\/assets\/@symfony\/stimulus-bundle\/loader-5751ad1ee2975e725a94d8121d153d17.js",
        "type": "js"
    },
    "@hotwired\/turbo": {
        "path": "\/assets\/vendor\/@hotwired\/turbo\/turbo.index-a53d794fa85309d61a95703410716017.js",
        "type": "js"
    },
    "tailwindcss": {
        "path": "\/assets\/vendor\/tailwindcss\/tailwindcss.index-0215b4b2fde805502e456fb1e9514d0f.js",
        "type": "js"
    },
    "tailwindcss\/index.min.css": {
        "path": "\/assets\/vendor\/tailwindcss\/index.min-b460a734eb0760e584f9dfb8854525f9.css",
        "type": "css"
    }
}